{
    "score": 0.6719101123595506,
    "exact_accuracy": 0.11385767790262172,
    "accuracy": 0.8359550561797753,
    "hallucination": 0.16404494382022472,
    "missing": 0.0,
    "n_miss": 0,
    "n_correct": 1116,
    "n_correct_exact": 152,
    "total": 1335
}